city_ID,City,Country,Date,Lat,Lng,Max Temp,Humidity,Cloudiness,Wind Speed
0,Bredasdorp,ZA,2022-04-03 15:24:58,-34.5322,20.0403,67.44,70,71,12.82
1,Castro,BR,2022-04-03 15:21:47,-24.7911,-50.0119,66.09,85,100,9.24
2,Butaritari,KI,2022-04-03 15:24:59,3.0707,172.7902,81.21,71,65,14.83
3,Hobart,AU,2022-04-03 15:24:59,-42.8794,147.3294,57.06,93,100,4.61
4,Upernavik,GL,2022-04-03 15:24:59,72.7868,-56.1549,16.61,81,79,8.81
5,Kapaa,US,2022-04-03 15:25:00,22.0752,-159.319,72.12,85,20,18.41
6,Bata,GQ,2022-04-03 15:25:00,1.8639,9.7658,84.06,72,36,10.29
7,Yellowknife,CA,2022-04-03 15:23:59,62.456,-114.3525,2.28,78,20,12.66
8,Agadez,NE,2022-04-03 15:25:01,19.75,10.25,102.09,3,33,6.17
9,Hermanus,ZA,2022-04-03 15:25:01,-34.4187,19.2345,72.81,63,31,12.57
10,Chingirlau,KZ,2022-04-03 15:25:01,51.095,54.0814,57.69,64,98,8.21
11,Morant Bay,JM,2022-04-03 15:25:02,17.8815,-76.4093,87.71,67,10,9.17
12,Coihaique,CL,2022-04-03 15:24:55,-45.5752,-72.0662,49.95,53,75,8.05
13,Bluff,NZ,2022-04-03 15:25:03,-46.6,168.3333,56.95,73,62,11.79
14,Sorland,NO,2022-04-03 15:25:03,67.667,12.6934,34.21,79,100,16.53
15,Ketchikan,US,2022-04-03 15:25:03,55.3422,-131.6461,39.67,87,100,11.5
16,Geraldton,AU,2022-04-03 15:25:04,-28.7667,114.6,73.81,88,75,9.22
17,Punta Arenas,CL,2022-04-03 15:24:20,-53.15,-70.9167,46.51,61,40,32.21
18,Foumbot,CM,2022-04-03 15:25:05,5.5079,10.6356,89.76,26,100,4.21
19,Kroonstad,ZA,2022-04-03 15:25:05,-27.6504,27.2349,72.63,48,59,13.33
20,Talnakh,RU,2022-04-03 15:25:06,69.4865,88.3972,3.69,98,98,3.78
21,Kruisfontein,ZA,2022-04-03 15:25:06,-34.0033,24.7314,68.88,65,74,6.93
22,Mount Gambier,AU,2022-04-03 15:21:58,-37.8333,140.7667,53.19,95,12,3.53
23,Tasiilaq,GL,2022-04-03 15:25:07,65.6145,-37.6368,32.16,86,100,3.24
24,Ushuaia,AR,2022-04-03 15:21:33,-54.8,-68.3,44.22,81,40,25.32
25,New Norfolk,AU,2022-04-03 15:25:07,-42.7826,147.0587,56.7,87,99,0.56
26,Esperance,AU,2022-04-03 15:25:08,-33.8667,121.9,64.24,84,100,10.27
27,Nordfjordeid,NO,2022-04-03 15:25:09,61.9063,5.9915,43.21,93,75,2.3
28,Laguna,US,2022-04-03 15:25:09,38.421,-121.4238,59.63,64,0,3.44
29,Dingle,PH,2022-04-03 15:25:10,10.9995,122.6711,76.57,85,51,6.69
30,Cabo San Lucas,MX,2022-04-03 15:25:10,22.8909,-109.9124,70.52,68,0,9.22
31,La Baule-Escoublac,FR,2022-04-03 15:25:11,47.2922,-2.364,48.7,44,0,11.5
32,Vaini,TO,2022-04-03 15:25:11,-21.2,-175.2,73.56,100,20,2.3
33,Sakaiminato,JP,2022-04-03 15:25:12,35.55,133.2333,48.18,87,40,5.75
34,Port-Gentil,GA,2022-04-03 15:25:12,-0.7193,8.7815,85.96,70,20,13.8
35,Rikitea,PF,2022-04-03 15:25:12,-23.1203,-134.9692,75.87,64,41,8.79
36,Pangnirtung,CA,2022-04-03 15:25:13,66.1451,-65.7125,28.2,74,100,2.68
37,Lazaro Cardenas,MX,2022-04-03 15:25:13,17.9583,-102.2,76.1,60,1,0.34
38,Jiwani,PK,2022-04-03 15:25:14,25.05,61.7417,80.13,62,21,9.06
39,Norden,DE,2022-04-03 15:25:14,53.6,7.2,44.94,68,24,1.99
40,Stephanskirchen,DE,2022-04-03 15:25:15,47.8595,12.1528,37.81,76,99,5.55
41,Hilo,US,2022-04-03 15:25:15,19.7297,-155.09,71.26,91,100,9.22
42,Albany,US,2022-04-03 15:24:26,42.6001,-73.9662,45.18,58,100,4.23
43,Bambous Virieux,MU,2022-04-03 15:25:16,-20.3428,57.7575,79.21,78,75,12.66
44,Busselton,AU,2022-04-03 15:25:16,-33.65,115.3333,63.21,82,76,15.19
45,Chokurdakh,RU,2022-04-03 15:25:16,70.6333,147.9167,-20.29,100,50,3.42
46,Avarua,CK,2022-04-03 15:26:26,-21.2078,-159.775,73.45,100,100,1.14
47,Lanigan,CA,2022-04-03 15:26:26,51.8501,-105.0344,33.69,94,100,2.75
48,Mataura,NZ,2022-04-03 15:26:27,-46.1927,168.8643,45.3,98,53,1.83
49,Mar Del Plata,AR,2022-04-03 15:26:27,-38.0023,-57.5575,71.87,66,0,15.99
50,Kabinda,CD,2022-04-03 15:26:27,-6.1333,24.4833,77.02,76,100,3.38
51,Ojinaga,MX,2022-04-03 15:26:28,29.5667,-104.4167,76.41,46,0,5.75
52,Puerto Baquerizo Moreno,EC,2022-04-03 15:26:28,-0.9,-89.6,79.79,83,75,9.22
53,Nikolskoye,RU,2022-04-03 15:26:29,59.7035,30.7861,36.88,80,95,5.48
54,Pisco,PE,2022-04-03 15:26:29,-13.7,-76.2167,69.85,73,0,9.22
55,Pilar,BR,2022-04-03 15:22:45,-9.5972,-35.9567,80.53,59,36,10.58
56,Haines Junction,CA,2022-04-03 15:26:29,60.7522,-137.5108,21.15,93,80,1.14
57,Saint-Philippe,RE,2022-04-03 15:26:30,-21.3585,55.7679,74.79,88,100,16.73
58,Jamestown,US,2022-04-03 15:26:30,42.097,-79.2353,34.02,74,100,14.97
59,Carnarvon,AU,2022-04-03 15:26:31,-24.8667,113.6333,78.87,83,100,12.66
60,Aklavik,CA,2022-04-03 15:26:31,68.2191,-135.0107,-18.4,69,20,5.75
61,Severo-Kurilsk,RU,2022-04-03 15:26:31,50.6789,156.125,28.96,85,24,13.6
62,Norman Wells,CA,2022-04-03 15:26:32,65.282,-126.8329,-18.36,63,75,0.0
63,Richards Bay,ZA,2022-04-03 15:26:32,-28.783,32.0377,77.43,78,100,7.31
64,Sidi Bin Nur,TN,2022-04-03 15:26:32,35.5333,10.9167,58.91,49,82,13.87
65,Pevek,RU,2022-04-03 15:26:33,69.7008,170.3133,-19.46,95,19,3.15
66,Qostanay,KZ,2022-04-03 15:26:33,53.1667,63.5833,39.7,86,100,13.85
67,Port Elizabeth,ZA,2022-04-03 15:26:34,-33.918,25.5701,71.1,91,75,13.8
68,Mayo,US,2022-04-03 15:26:34,38.8876,-76.5119,61.21,52,0,30.0
69,Puquio,PE,2022-04-03 15:26:34,-14.7,-74.1333,59.34,55,84,2.46
70,Atuona,PF,2022-04-03 15:26:35,-9.8,-139.0333,79.38,70,87,22.32
71,Masty,BY,2022-04-03 15:26:35,53.4122,24.5387,37.51,51,16,10.63
72,West Wendover,US,2022-04-03 15:26:35,40.7391,-114.0733,43.81,31,0,3.44
73,Westport,US,2022-04-03 15:26:36,41.1415,-73.3579,49.44,73,100,9.22
74,San Cristobal,VE,2022-04-03 15:26:36,7.7669,-72.225,77.18,62,100,6.55
75,Port Lincoln,AU,2022-04-03 15:26:37,-34.7333,135.8667,60.46,80,3,5.99
76,Katsuura,JP,2022-04-03 15:26:37,35.1333,140.3,50.02,70,100,21.0
77,Okhotsk,RU,2022-04-03 15:26:38,59.3833,143.3,18.16,89,100,8.05
78,Mandal,IN,2022-04-03 15:26:38,25.45,74.5667,87.03,9,1,10.58
79,Barrow,US,2022-04-03 15:26:38,71.2906,-156.7887,-7.58,71,100,12.66
80,Te Anau,NZ,2022-04-03 15:26:39,-45.4167,167.7167,47.62,82,63,0.65
81,Kavaratti,IN,2022-04-03 15:26:39,10.5669,72.642,82.89,72,73,7.52
82,Russell,US,2022-04-03 15:25:16,32.3502,-85.1999,68.97,44,0,8.05
83,Papetoai,PF,2022-04-03 15:26:40,-17.4961,-149.8729,76.59,79,23,5.44
84,Nome,US,2022-04-03 15:26:40,64.5011,-165.4064,8.67,56,0,8.05
85,Huarmey,PE,2022-04-03 15:26:41,-10.0681,-78.1522,72.93,76,69,8.14
86,Provideniya,RU,2022-04-03 15:26:42,64.3833,-173.3,2.05,74,0,10.27
87,Quetigny,FR,2022-04-03 15:26:42,47.3167,5.1167,42.53,60,100,9.22
88,Cherskiy,RU,2022-04-03 15:27:52,68.75,161.3,-3.87,99,100,4.45
89,Karratha,AU,2022-04-03 15:27:52,-20.7377,116.8463,83.16,69,0,11.36
90,Puerto Ayora,EC,2022-04-03 15:27:52,-0.7393,-90.3518,84.16,79,86,10.13
91,Bukama,CD,2022-04-03 15:27:53,-9.2,25.85,82.08,82,87,1.99
92,Qurayyat,SA,2022-04-03 15:27:53,31.3318,37.3428,89.78,6,0,16.11
93,Turukhansk,RU,2022-04-03 15:27:54,65.8167,87.9833,0.77,97,19,2.1
94,Chuy,UY,2022-04-03 15:27:54,-33.6971,-53.4616,73.47,64,100,11.68
95,Egvekinot,RU,2022-04-03 15:27:55,66.3167,-179.1667,-11.85,88,13,19.17
96,Saint George,US,2022-04-03 15:27:55,37.1041,-113.5841,62.26,37,75,3.44
97,Vao,NC,2022-04-03 15:27:55,-22.6667,167.4833,78.69,89,100,22.39
98,Faanui,PF,2022-04-03 15:27:56,-16.4833,-151.75,80.87,76,10,7.54
99,Thompson,CA,2022-04-03 15:27:56,55.7435,-97.8558,24.96,68,75,5.75
100,Tiksi,RU,2022-04-03 15:27:56,71.6872,128.8694,3.69,98,100,7.58
101,Kudligi,IN,2022-04-03 15:27:57,14.9,76.3833,89.4,19,54,3.85
102,Dustlik,UZ,2022-04-03 15:27:57,40.5247,68.0358,68.25,41,65,7.83
103,Umm Kaddadah,SD,2022-04-03 15:25:11,13.6017,26.6876,101.37,5,99,5.5
104,Kavieng,PG,2022-04-03 15:23:12,-2.5744,150.7967,81.37,79,92,7.38
105,Sandwick,GB,2022-04-03 15:27:58,60.0,-1.25,42.6,93,100,27.18
106,Tabuk,PH,2022-04-03 15:27:58,17.4189,121.4443,71.08,96,73,3.67
107,Ajdabiya,LY,2022-04-03 15:27:58,30.7554,20.2263,89.8,10,0,11.63
108,Pak Phanang,TH,2022-04-03 15:27:59,8.3511,100.202,78.39,83,100,7.61
109,Kayerkan,RU,2022-04-03 15:27:59,69.3497,87.7602,0.68,98,94,5.39
110,Mlonggo,ID,2022-04-03 15:28:00,-6.5333,110.7,78.44,86,100,7.38
111,Kodiak,US,2022-04-03 15:28:00,57.79,-152.4072,27.91,86,0,0.0
112,Tuatapere,NZ,2022-04-03 15:28:00,-46.1333,167.6833,48.4,92,57,2.95
113,Usagara,TZ,2022-04-03 15:28:01,-2.6833,33.0,78.39,55,62,5.03
114,Portland,US,2022-04-03 15:23:03,45.5234,-122.6762,45.84,87,100,6.91
115,Ribeira Grande,PT,2022-04-03 15:28:01,38.5167,-28.7,64.8,72,40,23.02
116,Klaksvik,FO,2022-04-03 15:28:02,62.2266,-6.589,47.32,98,100,18.79
117,Rutland,US,2022-04-03 15:25:04,43.6167,-73.0162,44.98,48,100,12.66
118,Morondava,MG,2022-04-03 15:28:02,-20.2833,44.2833,82.04,64,0,11.88
119,Noyabrsk,RU,2022-04-03 15:27:54,63.1994,75.4507,14.76,85,100,10.87
120,Viedma,AR,2022-04-03 15:28:03,-40.8135,-62.9967,48.42,70,100,11.43
121,Tura,IN,2022-04-03 15:28:03,25.5198,90.2201,72.0,88,3,5.12
122,Ilulissat,GL,2022-04-03 15:28:04,69.2167,-51.1,30.22,69,75,2.3
123,Svetlyy,RU,2022-04-03 15:28:04,54.675,20.1347,41.05,51,29,10.85
124,Bogovarovo,RU,2022-04-03 15:28:04,58.9785,47.0246,29.53,93,98,8.34
125,Hithadhoo,MV,2022-04-03 15:28:05,-0.6,73.0833,83.75,69,25,5.53
126,Lamar,US,2022-04-03 15:28:05,33.6668,-95.5836,67.24,55,0,12.66
127,Cape Town,ZA,2022-04-03 15:26:39,-33.9258,18.4232,75.11,65,40,12.66
128,Grindavik,IS,2022-04-03 15:28:06,63.8424,-22.4338,43.27,87,75,19.57
129,Havelock,US,2022-04-03 15:28:06,34.8791,-76.9013,69.75,48,0,17.27
130,Verkhoyansk,RU,2022-04-03 15:28:07,67.5447,133.385,-3.59,100,96,2.01
131,Tual,ID,2022-04-03 15:28:07,-5.6667,132.75,82.42,66,26,5.99
132,Clyde River,CA,2022-04-03 15:28:07,70.4692,-68.5914,10.63,92,20,8.05
133,Kosa,RU,2022-04-03 15:28:08,59.9445,54.9977,36.7,100,100,11.63
134,Apricena,IT,2022-04-03 15:29:17,41.7839,15.4437,50.09,57,80,6.58
135,Abalak,RU,2022-04-03 15:29:18,58.1286,68.5944,32.79,98,100,13.38
136,Ornskoldsvik,SE,2022-04-03 15:29:18,63.2909,18.7153,36.55,55,75,8.05
137,Lebu,CL,2022-04-03 15:29:18,-37.6167,-73.65,55.31,59,7,9.78
138,Luderitz,NA,2022-04-03 15:29:19,-26.6481,15.1594,65.75,74,0,13.35
139,Ponta Do Sol,PT,2022-04-03 15:29:20,32.6667,-17.1,61.72,85,100,11.63
140,Hobyo,SO,2022-04-03 15:29:20,5.3505,48.5268,82.8,71,8,10.38
141,Georgetown,MY,2022-04-03 15:29:20,5.4112,100.3354,78.73,93,20,1.14
142,Dharmadam,IN,2022-04-03 15:29:21,11.7833,75.4333,82.54,78,25,5.61
143,Airai,TL,2022-04-03 15:29:21,-8.9266,125.4092,58.41,86,95,1.3
144,Villa Carlos Paz,AR,2022-04-03 15:29:22,-31.4241,-64.4978,78.06,25,0,8.01
145,Kyra,RU,2022-04-03 15:29:22,49.5776,111.9753,31.96,66,83,5.5
146,Khatanga,RU,2022-04-03 15:27:52,71.9667,102.5,-21.51,100,98,5.61
147,Victor Harbor,AU,2022-04-03 15:29:23,-35.5667,138.6167,58.01,89,11,6.06
148,Hofn,IS,2022-04-03 15:29:23,64.2539,-15.2082,42.82,87,100,5.75
149,Amapa,BR,2022-04-03 15:29:24,1.0,-52.0,79.27,89,100,3.36
150,Port Hedland,AU,2022-04-03 15:27:58,-20.3167,118.5667,82.45,78,0,9.22
151,Milici,BA,2022-04-03 15:29:24,44.1711,19.0903,36.77,62,100,8.61
152,Flinders,AU,2022-04-03 15:29:25,-34.5833,150.8552,62.38,73,75,4.0
153,East London,ZA,2022-04-03 15:24:37,-33.0153,27.9116,76.14,78,0,14.97
154,Kuala Sungai Baru,MY,2022-04-03 15:29:25,2.3594,102.0353,77.04,83,100,8.57
155,Samarai,PG,2022-04-03 15:29:26,-10.6167,150.6667,80.64,77,100,6.93
156,Yerbogachen,RU,2022-04-03 15:29:26,61.2767,108.0108,9.88,97,99,5.73
157,Saint Anthony,US,2022-04-03 15:29:26,45.0205,-93.218,41.88,57,0,5.75
158,Torbay,CA,2022-04-03 15:29:27,47.6666,-52.7314,40.53,84,100,21.85
159,Imeni Poliny Osipenko,RU,2022-04-03 15:29:27,52.4201,136.4853,35.1,87,100,13.49
160,Alpinopolis,BR,2022-04-03 15:29:27,-20.8636,-46.3881,74.37,73,92,7.27
161,Gao,ML,2022-04-03 15:29:28,16.6362,1.637,106.41,2,70,10.76
162,Magdagachi,RU,2022-04-03 15:29:28,53.45,125.8,31.23,72,63,11.27
163,Cidreira,BR,2022-04-03 15:29:28,-30.1811,-50.2056,71.82,79,100,16.13
164,Pitimbu,BR,2022-04-03 15:29:29,-7.4706,-34.8086,86.59,73,16,14.88
165,Sinjar,IQ,2022-04-03 15:29:29,36.3209,41.8754,76.98,23,100,6.76
166,Jurado,CO,2022-04-03 15:29:30,7.1053,-77.7641,84.7,71,63,1.52
167,Taoudenni,ML,2022-04-03 15:29:30,22.6783,-3.9836,104.32,6,0,23.47
168,Iqaluit,CA,2022-04-03 15:27:27,63.7506,-68.5145,26.33,86,75,17.27
169,Tinaquillo,VE,2022-04-03 15:29:31,9.9186,-68.3047,88.56,40,65,7.09
170,Sept-Iles,CA,2022-04-03 15:24:34,50.2001,-66.3821,35.06,56,20,16.11
171,Baykit,RU,2022-04-03 15:29:31,61.67,96.37,7.5,98,69,2.73
172,Pimentel,PE,2022-04-03 15:29:32,-6.8367,-79.9342,77.29,61,0,6.91
173,Piet Retief,ZA,2022-04-03 15:29:32,-27.0071,30.8132,66.56,71,100,4.99
174,China,MX,2022-04-03 15:29:32,25.7,-99.2333,74.66,69,97,9.6
175,Makat,KZ,2022-04-03 15:29:33,47.6469,53.3463,69.37,31,34,4.54
176,Balabag,PH,2022-04-03 15:29:33,11.97,121.9192,81.43,78,89,21.88
177,Ormara,PK,2022-04-03 15:29:33,25.2088,64.6357,78.24,71,9,8.93
178,Moldovenesti,RO,2022-04-03 15:29:34,46.5,23.65,35.35,75,100,13.8
179,Christchurch,NZ,2022-04-03 15:27:00,-43.5333,172.6333,60.94,82,100,8.05
180,Isangel,VU,2022-04-03 15:30:43,-19.55,169.2667,75.31,88,100,3.44
181,Zemio,CF,2022-04-03 15:30:44,5.0314,25.1361,86.16,41,65,7.23
182,Kamenka,RU,2022-04-03 15:30:44,51.3223,42.7678,45.32,77,99,6.87
183,Sampit,ID,2022-04-03 15:30:44,-2.5333,112.95,74.68,97,47,1.92
184,Jinchang,CN,2022-04-03 15:30:45,38.4953,102.1739,50.92,14,85,5.21
185,Muzhi,RU,2022-04-03 15:30:45,65.3667,64.6667,21.0,88,100,13.18
186,Lieksa,FI,2022-04-03 15:30:46,63.3167,30.0167,25.14,81,97,6.44
187,Caravelas,BR,2022-04-03 15:30:46,-17.7125,-39.2481,85.21,59,8,8.3
188,Yantal,RU,2022-04-03 15:30:46,56.8471,105.2542,6.98,97,28,3.62
189,Kieta,PG,2022-04-03 15:30:47,-6.2167,155.6333,78.12,85,45,1.72
190,Pali,IN,2022-04-03 15:30:47,25.7667,73.3333,89.29,9,0,6.11
191,Darhan,MN,2022-04-03 15:30:48,49.4867,105.9228,33.82,61,49,4.63
192,Victoria,HK,2022-04-03 15:29:48,22.2855,114.1577,66.38,68,0,15.01
193,Narsaq,GL,2022-04-03 15:30:48,60.9167,-46.05,41.22,61,99,4.14
194,Alamosa,US,2022-04-03 15:29:21,37.4695,-105.87,42.78,49,40,3.44
195,Port Blair,IN,2022-04-03 15:30:49,11.6667,92.75,82.44,78,40,6.91
196,West Odessa,US,2022-04-03 15:30:49,31.8424,-102.4988,72.41,46,0,17.27
197,Luoyang,CN,2022-04-03 15:30:49,34.6836,112.4536,55.47,61,95,4.83
198,Tuktoyaktuk,CA,2022-04-03 15:30:50,69.4541,-133.0374,-29.2,75,20,4.61
199,Pidigan,PH,2022-04-03 15:30:50,17.57,120.5903,76.41,77,82,5.88
200,Tabou,CI,2022-04-03 15:30:51,4.423,-7.3528,84.94,70,94,14.2
201,Mountain Home,US,2022-04-03 15:29:48,43.133,-115.6912,35.08,100,0,11.5
202,Lorengau,PG,2022-04-03 15:30:51,-2.0226,147.2712,79.7,80,100,1.86
203,Atikokan,CA,2022-04-03 15:30:51,48.7555,-91.6216,30.47,90,100,2.8
204,Staunton,US,2022-04-03 15:30:52,38.1496,-79.0717,53.69,25,40,18.41
205,Batagay-Alyta,RU,2022-04-03 15:30:53,67.8006,130.4114,2.25,98,99,3.31
206,Qaanaaq,GL,2022-04-03 15:30:49,77.484,-69.3632,14.9,74,96,6.44
207,Djambala,CG,2022-04-03 15:30:54,-2.5447,14.7533,79.45,66,79,7.09
208,Tazovskiy,RU,2022-04-03 15:30:54,67.4667,78.7,-5.67,100,31,5.5
209,Hervey Bay,AU,2022-04-03 15:30:43,-25.2986,152.8535,70.02,87,3,5.99
210,Safaga,EG,2022-04-03 15:30:55,26.7292,33.9365,80.73,43,100,10.96
211,Osa,RU,2022-04-03 15:30:55,57.2829,55.4567,41.13,98,100,15.73
212,Arraial Do Cabo,BR,2022-04-03 15:30:55,-22.9661,-42.0278,82.36,74,75,11.5
213,Dikson,RU,2022-04-03 15:30:42,73.5069,80.5464,-0.94,99,86,9.71
214,Bethel,US,2022-04-03 15:30:46,41.3712,-73.414,48.69,74,100,8.05
215,Onega,RU,2022-04-03 15:30:56,63.9061,38.1404,19.53,88,45,1.59
216,Acapulco,MX,2022-04-03 15:29:53,16.8634,-99.8901,78.62,57,0,3.44
217,Kirando,TZ,2022-04-03 15:30:57,-7.4167,30.6,77.07,75,88,3.96
218,Shenjiamen,CN,2022-04-03 15:30:57,29.9576,122.298,50.54,65,0,7.83
219,Phalodi,IN,2022-04-03 15:30:57,27.1333,72.3667,88.9,5,2,7.76
220,Solnechnyy,RU,2022-04-03 15:30:58,50.7214,136.6319,35.67,83,100,7.9
221,Raton,US,2022-04-03 15:30:58,36.9034,-104.4391,57.06,44,0,6.91
222,San Patricio,US,2022-04-03 15:30:58,28.017,-97.5169,77.94,55,0,8.61
223,Kindersley,CA,2022-04-03 15:30:59,51.4668,-109.1682,30.22,86,0,5.75
224,Trinidad,BO,2022-04-03 15:30:59,-14.8333,-64.9,82.38,54,2,3.44
225,Manadhoo,MV,2022-04-03 15:31:00,5.7667,73.3833,83.59,67,12,3.06
226,Youkounkoun,GN,2022-04-03 15:32:09,12.5333,-13.1333,103.03,13,92,6.58
227,Doha,QA,2022-04-03 15:32:09,25.2867,51.5333,88.11,52,0,8.05
228,Bandarbeyla,SO,2022-04-03 15:32:10,9.4942,50.8122,80.42,72,23,8.41
229,Presidencia Roque Saenz Pena,AR,2022-04-03 15:32:10,-26.7852,-60.4388,70.66,88,100,4.29
230,Cockburn Town,TC,2022-04-03 15:32:11,21.4612,-71.1419,82.36,69,40,11.5
231,Maliq,AL,2022-04-03 15:32:11,40.7058,20.6997,36.95,99,99,4.65
232,Denpasar,ID,2022-04-03 15:32:11,-8.65,115.2167,80.26,88,20,1.14
233,Okha,RU,2022-04-03 15:32:12,53.5739,142.9478,30.79,88,100,9.64
234,Leua,SK,2022-04-03 15:32:12,48.2156,18.6071,42.33,50,97,14.14
235,Great Falls,US,2022-04-03 15:32:13,47.5002,-111.3008,42.67,48,0,14.97
236,Adeje,ES,2022-04-03 15:32:13,28.1227,-16.726,70.88,72,75,25.32
237,Road Town,VG,2022-04-03 15:31:59,18.4167,-64.6167,82.44,65,20,10.36
238,Sao Gabriel Da Cachoeira,BR,2022-04-03 15:32:13,-0.1303,-67.0892,85.77,60,82,3.27
239,Antsohihy,MG,2022-04-03 15:32:14,-14.8796,47.9875,78.94,76,0,2.98
240,Saldanha,ZA,2022-04-03 15:32:14,-33.0117,17.9442,73.45,68,0,6.69
241,Touros,BR,2022-04-03 15:32:15,-5.1989,-35.4608,83.35,73,96,14.34
242,Hasaki,JP,2022-04-03 15:32:15,35.7333,140.8333,50.29,63,100,19.22
243,Cap-Aux-Meules,CA,2022-04-03 15:32:16,47.3821,-61.8597,33.85,75,20,19.57
244,Celestun,MX,2022-04-03 15:32:16,20.8667,-90.4,84.61,60,0,9.22
245,Zyryanka,RU,2022-04-03 15:32:17,65.75,150.85,-19.3,100,38,0.76
246,Portel,BR,2022-04-03 15:32:17,-1.9356,-50.8211,86.2,63,100,2.06
247,Vila Franca Do Campo,PT,2022-04-03 15:32:17,37.7167,-25.4333,63.01,72,14,18.01
248,Port Alfred,ZA,2022-04-03 15:30:54,-33.5906,26.891,74.17,81,56,5.01
249,Hammerfest,NO,2022-04-03 15:32:18,70.6634,23.6821,28.85,74,40,13.8
250,Kaitangata,NZ,2022-04-03 15:32:18,-46.2817,169.8464,46.45,95,76,4.99
251,Mahebourg,MU,2022-04-03 15:32:19,-20.4081,57.7,79.25,78,75,12.66
252,Dobson,US,2022-04-03 15:32:19,36.3957,-80.7226,61.0,33,0,10.36
253,Pemangkat,ID,2022-04-03 15:32:20,1.1667,108.9667,78.8,82,53,2.93
254,Biak,ID,2022-04-03 15:32:20,-0.9131,122.8766,76.98,86,100,2.3
255,Yar-Sale,RU,2022-04-03 15:32:20,66.8333,70.8333,6.15,96,27,7.58
256,Leningradskiy,RU,2022-04-03 15:32:21,69.3833,178.4167,-21.77,100,99,3.09
257,Labuan,MY,2022-04-03 15:32:21,5.2767,115.2417,79.16,88,20,0.0
258,Hof,DE,2022-04-03 15:32:22,50.3167,11.9167,39.92,48,75,13.0
259,Trat,TH,2022-04-03 15:32:22,12.5,102.5,70.63,77,96,8.55
260,Batemans Bay,AU,2022-04-03 15:32:22,-35.7167,150.1833,64.09,53,34,9.08
261,Suleja,NG,2022-04-03 15:32:23,9.1758,7.1808,95.99,20,83,6.8
262,Gobabis,NA,2022-04-03 15:32:23,-22.45,18.9667,67.71,68,37,16.96
263,Vikhorevka,RU,2022-04-03 15:32:24,56.1201,101.1636,20.79,93,64,1.66
264,Kpandae,GH,2022-04-03 15:32:24,8.4689,-0.0113,101.07,26,96,8.46
265,Puerto Del Rosario,ES,2022-04-03 15:32:25,28.5004,-13.8627,74.95,50,75,18.41
266,Demba,CD,2022-04-03 15:32:25,-5.51,22.2667,78.64,67,100,3.2
267,Vila Velha,BR,2022-04-03 15:31:38,-20.3297,-40.2925,85.95,72,40,9.22
268,Rawson,AR,2022-04-03 15:32:26,-43.3002,-65.1023,58.82,37,100,21.83
269,San Luis,AR,2022-04-03 15:32:26,-33.295,-66.3356,62.6,37,7,18.95
270,Iquitos,PE,2022-04-03 15:32:26,-3.7481,-73.2472,75.24,83,75,6.91
271,Katima Mulilo,NA,2022-04-03 15:32:27,-17.5,24.2667,76.68,61,100,4.74
272,Andrelandia,BR,2022-04-03 15:33:36,-21.7397,-44.3092,73.92,72,99,5.12
273,Chulman,RU,2022-04-03 15:33:36,56.8479,124.9104,14.04,92,100,11.61
274,Traralgon,AU,2022-04-03 15:33:37,-38.1833,146.5333,56.59,97,100,7.9
275,Adrar,MR,2022-04-03 15:33:11,20.5022,-10.0711,95.67,8,0,22.97
276,Belmonte,BR,2022-04-03 15:33:37,-15.8631,-38.8828,84.07,63,9,7.49
277,Ahipara,NZ,2022-04-03 15:33:38,-35.1667,173.1667,61.79,92,3,2.98
278,Puerto Escondido,MX,2022-04-03 15:33:38,15.85,-97.0667,81.43,89,0,3.44
279,Forbes,AU,2022-04-03 15:33:38,-33.3833,148.0167,53.92,49,10,1.7
280,Oyama,JP,2022-04-03 15:33:39,36.3,139.8,48.58,88,100,7.47
281,Nova Soure,BR,2022-04-03 15:33:39,-11.2333,-38.4833,90.03,41,95,13.49
282,Dunedin,NZ,2022-04-03 15:33:38,-45.8742,170.5036,56.8,76,49,1.99
283,Raudeberg,NO,2022-04-03 15:33:40,61.9875,5.1352,39.87,88,100,3.44
284,Erenhot,CN,2022-04-03 15:33:40,43.6475,111.9767,49.19,21,96,15.48
285,Fairbanks,US,2022-04-03 15:29:16,64.8378,-147.7164,9.82,77,40,3.44
286,Bengkulu,ID,2022-04-03 15:33:41,-3.8004,102.2655,77.23,81,50,4.68
287,Khairpur Nathan Shah,PK,2022-04-03 15:33:41,27.0936,67.7337,90.45,5,6,6.33
288,Hualmay,PE,2022-04-03 15:33:42,-11.0964,-77.6139,73.49,73,29,8.34
289,Virginia Beach,US,2022-04-03 15:28:44,36.8529,-75.978,67.05,48,20,13.13
290,Baruun-Urt,MN,2022-04-03 15:33:42,46.6806,113.2792,43.12,35,92,14.25
291,Burgos,ES,2022-04-03 15:33:43,42.3394,-3.7079,37.81,75,75,16.11
292,Cam Ranh,VN,2022-04-03 15:33:43,11.9214,109.1591,76.96,73,75,16.11
293,Kendari,ID,2022-04-03 15:33:43,-3.945,122.4989,75.15,93,48,3.69
294,Longyearbyen,SJ,2022-04-03 15:33:44,78.2186,15.6401,8.44,61,43,20.71
295,Ambulu,ID,2022-04-03 15:33:44,-8.345,113.6058,76.23,89,26,2.24
296,Semenivka,UA,2022-04-03 15:33:44,52.1783,32.5818,32.38,88,100,10.65
297,Asau,RO,2022-04-03 15:33:45,46.4333,26.4,37.96,96,100,4.38
298,Vardo,NO,2022-04-03 15:33:45,70.3705,31.1107,28.38,93,40,4.61
299,Shimoda,JP,2022-04-03 15:33:46,34.6667,138.95,48.11,93,100,17.54
300,Sorong,ID,2022-04-03 15:33:46,-0.8833,131.25,79.3,84,91,6.67
301,Charagua,BO,2022-04-03 15:33:46,-19.8,-63.2167,78.37,41,27,12.28
302,Akdepe,TM,2022-04-03 15:33:47,42.0551,59.3788,73.49,13,0,11.97
303,Dudinka,RU,2022-04-03 15:33:47,69.4058,86.1778,-9.04,100,70,5.75
304,Khorramshahr,IR,2022-04-03 15:33:47,30.4397,48.1664,94.96,10,0,6.91
305,Worthing,GB,2022-04-03 15:33:48,50.8145,-0.3713,50.56,55,20,12.66
306,Beringovskiy,RU,2022-04-03 15:33:48,63.05,179.3167,-9.8,95,80,13.49
307,Kalawit,PH,2022-04-03 15:33:48,8.0667,122.5167,77.65,89,92,5.68
308,Maun,BW,2022-04-03 15:32:33,-19.9833,23.4167,78.76,65,75,4.61
309,Yulara,AU,2022-04-03 15:31:09,-25.2406,130.9889,60.64,33,0,5.75
310,Alice Springs,AU,2022-04-03 15:33:49,-23.7,133.8833,56.75,44,0,0.0
311,Saint-Augustin,CA,2022-04-03 15:33:49,51.226,-58.6502,35.71,100,100,16.37
312,Verkhnevilyuysk,RU,2022-04-03 15:33:50,63.4453,120.3167,-3.6,100,52,3.62
313,Avera,US,2022-04-03 15:33:50,33.194,-82.5271,68.56,38,0,13.11
314,Paragominas,BR,2022-04-03 15:33:50,-2.9667,-47.4833,85.84,69,63,4.52
315,Salalah,OM,2022-04-03 15:35:00,17.0151,54.0924,84.29,65,0,5.75
316,La Rioja,ES,2022-04-03 15:35:00,42.25,-2.5,40.78,63,100,12.59
317,Petropavlovsk-Kamchatskiy,RU,2022-04-03 15:35:01,53.0452,158.6483,23.59,63,75,11.18
318,Butembo,CD,2022-04-03 15:35:01,0.15,29.2833,63.07,88,74,2.53
319,Qaqortoq,GL,2022-04-03 15:35:01,60.7167,-46.0333,43.84,61,98,3.98
320,Vanino,RU,2022-04-03 15:35:02,49.0869,140.2543,33.31,84,93,5.75
321,Hami,CN,2022-04-03 15:35:02,42.8,93.45,57.0,22,3,11.16
322,Zhuzhou,CN,2022-04-03 15:35:03,27.8333,113.15,60.93,70,43,4.52
323,Meulaboh,ID,2022-04-03 15:35:03,4.1363,96.1285,73.94,88,100,6.22
324,Kathu,TH,2022-04-03 15:35:04,7.9178,98.3332,80.42,83,100,8.5
325,Kahului,US,2022-04-03 15:33:16,20.8947,-156.47,74.84,72,0,17.0
326,Kotido,UG,2022-04-03 15:35:04,2.9806,34.1331,82.85,32,100,19.44
327,Dabakala,CI,2022-04-03 15:35:04,8.3667,-4.4333,94.69,36,100,3.98
328,Vrani,RO,2022-04-03 15:35:05,45.0383,21.4925,40.98,79,100,13.8
329,Fortuna,US,2022-04-03 15:35:06,40.5982,-124.1573,47.93,92,100,4.61
330,Iranshahr,IR,2022-04-03 15:35:06,27.2025,60.6848,95.34,6,0,4.61
331,Saskylakh,RU,2022-04-03 15:35:07,71.9167,114.0833,-6.03,98,100,8.03
332,Quatre Cocos,MU,2022-04-03 15:35:07,-20.2078,57.7625,79.09,79,87,14.25
333,Riyadh,SA,2022-04-03 15:34:11,24.6877,46.7219,93.34,9,70,9.48
334,Oak Ridge,US,2022-04-03 15:35:08,36.0104,-84.2696,56.05,47,0,1.01
335,Ribeira Brava,PT,2022-04-03 15:35:08,32.65,-17.0667,61.0,87,100,11.9
336,Vostok,RU,2022-04-03 15:35:09,46.4856,135.8833,28.9,82,0,7.07
337,Port Antonio,JM,2022-04-03 15:35:09,18.18,-76.4612,89.01,64,3,8.32
338,San Pedro,PH,2022-04-03 15:35:09,14.35,121.0167,80.35,69,20,5.75
339,Shache,CN,2022-04-03 15:32:42,38.4167,77.2406,64.76,15,90,8.25
340,Labuhan,ID,2022-04-03 15:35:10,-6.8844,112.2051,80.04,81,99,4.36
341,Machali,CL,2022-04-03 15:35:11,-34.1833,-70.6667,60.08,67,0,11.5
342,Saravan,AM,2022-04-03 15:35:11,39.7196,45.6483,46.69,51,2,3.69
343,Araouane,ML,2022-04-03 15:35:11,18.9048,-3.5265,104.27,7,2,6.8
344,Ramanuj Ganj,IN,2022-04-03 15:35:12,23.8,83.7,77.79,9,0,2.04
345,Tortoli,IT,2022-04-03 15:35:12,39.9256,9.6572,57.02,30,40,6.91
346,Strelka,RU,2022-04-03 15:35:13,58.0728,93.0344,11.26,95,33,1.36
347,Yueyang,CN,2022-04-03 15:35:13,29.3333,113.0919,60.35,60,98,4.34
348,Muroto,JP,2022-04-03 15:35:13,33.2833,134.15,55.47,75,99,11.72
349,Tupelo,US,2022-04-03 15:35:14,34.2576,-88.7034,61.9,44,0,11.5
350,Maceio,BR,2022-04-03 15:33:50,-9.6658,-35.7353,81.84,74,75,16.11
351,Funadhoo,MV,2022-04-03 15:35:14,6.15,73.2667,83.61,67,6,2.53
352,Baghdad,IQ,2022-04-03 15:33:36,33.3406,44.4009,91.31,12,0,4.61
353,Lardos,GR,2022-04-03 15:35:15,36.0942,28.0157,65.95,56,80,6.76
354,Port-Cartier,CA,2022-04-03 15:35:16,50.0334,-66.8654,35.74,84,4,9.98
355,Xuddur,SO,2022-04-03 15:35:16,4.1213,43.8894,89.71,26,78,8.97
356,Buala,SB,2022-04-03 15:35:16,-8.145,159.5921,78.12,85,87,8.61
357,Fort Frances,CA,2022-04-03 15:35:17,48.5999,-93.4003,35.17,71,100,0.0
358,Opuwo,NA,2022-04-03 15:35:17,-18.0607,13.84,73.8,64,79,7.85
359,High Level,CA,2022-04-03 15:35:06,58.5169,-117.136,10.51,85,20,2.3
360,Codrington,AU,2022-04-03 15:32:37,-38.2667,141.9667,59.68,80,95,5.37
361,Humaita,BR,2022-04-03 15:35:18,-7.5061,-63.0208,86.27,61,96,1.72
362,Uva,RU,2022-04-03 15:35:19,56.9908,52.1852,41.32,96,100,14.94
363,Chara,RU,2022-04-03 15:35:19,56.9064,118.2631,7.47,79,100,4.7
364,Port Hardy,CA,2022-04-03 15:36:28,50.6996,-127.4199,39.2,93,75,3.44
365,Ishinomaki,JP,2022-04-03 15:36:29,38.4167,141.3,47.34,88,100,7.74
366,Lavrentiya,RU,2022-04-03 15:36:29,65.5833,-171.0,-13.54,94,30,10.51
367,West Plains,US,2022-04-03 15:35:14,36.7281,-91.8524,57.22,47,0,8.05
368,Irara,BR,2022-04-03 15:36:30,-12.05,-38.7667,86.61,49,99,13.62
369,Venado Tuerto,AR,2022-04-03 15:36:30,-33.7456,-61.9688,76.53,35,0,11.05
370,Presidente Olegario,BR,2022-04-03 15:36:30,-18.4178,-46.4181,81.19,47,50,7.05
371,Beidao,CN,2022-04-03 15:36:31,34.5686,105.8933,52.92,61,100,3.83
372,Brits,ZA,2022-04-03 15:36:31,-25.6347,27.7802,66.18,63,94,5.79
373,Kapit,MY,2022-04-03 15:36:31,2.0167,112.9333,73.27,99,86,0.65
374,Sosnovo-Ozerskoye,RU,2022-04-03 15:36:32,52.5249,111.5418,18.9,67,100,7.4
375,Northam,GB,2022-04-03 15:36:32,51.0333,-4.2167,47.25,63,56,9.73
376,Ambon,ID,2022-04-03 15:36:32,-3.6954,128.1814,78.94,83,40,8.05
377,Nantucket,US,2022-04-03 15:36:33,41.2835,-70.0995,49.14,80,75,9.22
378,Kloulklubed,PW,2022-04-03 15:36:33,7.0419,134.2556,77.5,77,100,3.4
379,Bousse,BF,2022-04-03 15:36:34,12.6606,-1.8922,103.84,16,95,5.32
380,Grand Gaube,MU,2022-04-03 15:36:34,-20.0064,57.6608,79.38,78,77,5.99
381,Den Helder,NL,2022-04-03 15:36:34,52.9599,4.7593,47.01,70,75,15.01
382,Lufilufi,WS,2022-04-03 15:36:35,-13.8745,-171.5986,73.18,75,16,12.95
383,Mehamn,NO,2022-04-03 15:36:35,71.0357,27.8492,28.35,59,75,13.8
384,Srednekolymsk,RU,2022-04-03 15:36:35,67.45,153.6833,-19.19,100,73,1.7
385,Poum,NC,2022-04-03 15:36:36,-20.2333,164.0167,81.79,81,100,18.75
386,Buta,CD,2022-04-03 15:36:36,2.7858,24.73,73.78,89,84,4.5
387,Arlit,NE,2022-04-03 15:36:36,18.7369,7.3853,106.38,3,3,1.88
388,Luganville,VU,2022-04-03 15:34:51,-15.5333,167.1667,77.63,93,100,14.79
389,Chipinge,ZW,2022-04-03 15:34:36,-20.1883,32.6236,67.59,83,26,7.58
390,Cabedelo,BR,2022-04-03 15:33:31,-6.9811,-34.8339,86.67,73,35,15.39
391,Springdale,US,2022-04-03 15:33:26,36.1867,-94.1288,62.71,47,0,13.8
392,Oranjemund,NA,2022-04-03 15:36:40,-28.55,16.4333,63.54,80,5,7.16
393,Uturoa,PF,2022-04-03 15:36:40,-16.7333,-151.4333,81.28,76,12,8.97
394,Bulgan,MN,2022-04-03 15:36:40,48.8125,103.5347,41.23,41,32,7.49
395,Sechura,PE,2022-04-03 15:36:41,-5.5569,-80.8222,78.15,61,86,8.08
396,Ishigaki,JP,2022-04-03 15:36:41,24.3448,124.1572,66.33,94,75,18.41
397,Vestmanna,FO,2022-04-03 15:36:42,62.1564,-7.1664,45.52,100,100,21.85
398,Tignere,CM,2022-04-03 15:36:42,7.3667,12.65,93.42,14,76,7.9
399,Townsville,AU,2022-04-03 15:36:43,-19.25,146.8,77.88,89,100,5.75
400,Cassilandia,BR,2022-04-03 15:36:43,-19.1133,-51.7342,86.05,55,6,7.58
401,Prieska,ZA,2022-04-03 15:36:43,-29.6641,22.7474,80.64,25,5,16.78
402,Porbandar,IN,2022-04-03 15:36:44,21.6422,69.6093,80.01,71,0,9.33
403,Lieto,FI,2022-04-03 15:36:44,60.5103,22.4618,38.21,62,20,9.22
404,Oistins,BB,2022-04-03 15:34:26,13.0667,-59.5333,84.29,58,75,19.57
405,Esna,EG,2022-04-03 15:36:44,25.2934,32.554,102.22,6,100,6.91
406,Linxia,CN,2022-04-03 15:36:45,35.6003,103.2064,51.21,20,100,3.04
407,Henties Bay,NA,2022-04-03 15:36:45,-22.116,14.2845,62.73,79,7,9.37
408,Kollam,IN,2022-04-03 15:36:46,8.8833,76.6,80.91,80,45,2.42
409,Fare,PF,2022-04-03 15:37:55,-16.7,-151.0167,81.16,77,15,8.68
410,Kununurra,AU,2022-04-03 15:36:26,-15.7667,128.7333,71.58,73,11,3.44
411,Paraiso,CR,2022-04-03 15:37:55,9.8383,-83.8656,83.16,68,38,3.85
412,Bilma,NE,2022-04-03 15:36:37,18.6853,12.9164,101.86,3,100,7.0
413,Havre-Saint-Pierre,CA,2022-04-03 15:34:34,50.2334,-63.5986,37.76,52,0,12.66
414,Axim,GH,2022-04-03 15:36:16,4.8699,-2.2405,85.14,73,100,12.12
415,Plettenberg Bay,ZA,2022-04-03 15:37:56,-34.0527,23.3716,64.72,80,99,3.96
416,Liseleje,DK,2022-04-03 15:37:57,56.0053,11.9483,46.98,64,45,5.99
417,Nyagan,RU,2022-04-03 15:37:57,62.1406,65.3936,26.89,95,100,14.56
418,Tucuman,AR,2022-04-03 15:37:57,-26.8241,-65.2226,71.6,46,0,4.61
419,Sovetskaya,RU,2022-04-03 15:37:58,44.7769,41.1722,55.2,69,92,4.38
420,Padang,ID,2022-04-03 15:37:58,-0.9492,100.3543,78.42,82,32,1.72
421,Norrkoping,SE,2022-04-03 15:37:58,58.5942,16.1826,46.98,39,75,14.97
422,Alta Floresta,BR,2022-04-03 15:37:59,-9.8756,-56.0861,84.02,74,75,3.44
423,Edd,ER,2022-04-03 15:37:59,13.9297,41.6925,91.63,38,82,16.78
424,Imbituba,BR,2022-04-03 15:36:22,-28.24,-48.6703,74.82,87,93,11.27
425,Port Augusta,AU,2022-04-03 15:38:00,-32.5,137.7667,61.99,61,0,5.14
426,Aykhal,RU,2022-04-03 15:38:00,66.0,111.5,5.56,99,98,8.03
427,Sitka,US,2022-04-03 15:33:10,57.0531,-135.33,42.69,75,100,23.02
428,Pochutla,MX,2022-04-03 15:38:01,15.7432,-96.4661,85.82,34,3,4.85
429,Gallup,US,2022-04-03 15:38:01,35.5281,-108.7426,53.02,42,0,3.0
430,Camopi,GF,2022-04-03 15:38:02,3.1655,-52.3158,77.36,96,99,4.79
431,Ahuimanu,US,2022-04-03 15:38:02,21.4447,-157.8378,73.45,74,40,18.41
432,Port Moresby,PG,2022-04-03 15:38:03,-9.4431,147.1797,74.62,94,75,3.44
433,Irece,BR,2022-04-03 15:38:03,-11.3042,-41.8558,87.15,38,49,14.72
434,Cascais,PT,2022-04-03 15:38:03,38.6979,-9.4215,66.51,26,20,13.8
435,Cayenne,GF,2022-04-03 15:38:04,4.9333,-52.3333,83.08,1,75,5.75
436,Guerrero Negro,MX,2022-04-03 15:38:04,27.9769,-114.0611,62.02,64,70,11.36
437,Veraval,IN,2022-04-03 15:38:05,20.9,70.3667,78.51,78,0,8.99
438,Rio Gallegos,AR,2022-04-03 15:33:23,-51.6226,-69.2181,53.65,43,40,29.93
439,Rocha,UY,2022-04-03 15:34:52,-34.4833,-54.3333,75.92,57,100,11.48
440,Tilichiki,RU,2022-04-03 15:38:06,60.4667,166.1,7.61,91,100,6.82
441,Prince Rupert,CA,2022-04-03 15:38:07,54.3161,-130.3201,38.89,87,75,33.38
442,Sao Joao Da Barra,BR,2022-04-03 15:38:07,-21.6403,-41.0511,86.09,72,14,8.97
443,Belaya Gora,RU,2022-04-03 15:38:01,68.5333,146.4167,-19.8,100,70,1.36
444,Vanavara,RU,2022-04-03 15:38:08,60.34,102.2797,3.7,96,44,4.56
445,Diamantino,BR,2022-04-03 15:38:08,-14.4086,-56.4461,86.97,60,28,3.29
446,Camacupa,AO,2022-04-03 15:38:08,-12.0167,17.4833,65.12,91,100,5.39
447,Bundaberg,AU,2022-04-03 15:38:09,-24.85,152.35,68.29,95,5,4.61
448,Alofi,NU,2022-04-03 15:38:09,-19.0595,-169.9187,69.69,94,74,2.3
449,Bay Roberts,CA,2022-04-03 15:38:10,47.5999,-53.2648,42.33,81,98,14.0
450,Kudahuvadhoo,MV,2022-04-03 15:36:34,2.6708,72.8944,83.52,63,12,2.73
451,Jensen Beach,US,2022-04-03 15:38:10,27.2545,-80.2298,78.06,75,75,5.75
452,Hella,NO,2022-04-03 15:39:20,67.2,14.4333,33.94,81,40,20.71
453,Monywa,MM,2022-04-03 15:39:21,22.1167,95.1333,90.54,38,39,4.34
454,Mechetinskaya,RU,2022-04-03 15:39:21,46.7713,40.456,56.84,65,97,18.32
455,Bulaevo,KZ,2022-04-03 15:39:21,54.9056,70.4439,36.86,92,94,7.99
456,San Quintin,MX,2022-04-03 15:39:22,30.4833,-115.95,59.41,68,100,4.9
457,Butte,US,2022-04-03 15:39:22,39.6499,-121.5677,67.98,46,0,0.0
458,Noumea,NC,2022-04-03 15:37:00,-22.2763,166.4572,82.0,99,100,11.83
459,Olinda,BR,2022-04-03 15:39:23,-8.0089,-34.8553,80.33,89,75,6.91
460,Taksimo,RU,2022-04-03 15:39:23,56.3444,114.8794,8.98,83,86,4.47
461,Moate,IE,2022-04-03 15:39:23,53.55,-7.7167,51.76,60,96,10.96
462,Ikryanoye,RU,2022-04-03 15:39:24,46.0932,47.7308,71.58,47,93,10.13
463,Boffa,GN,2022-04-03 15:39:24,10.1667,-14.0333,89.51,45,65,14.54
464,Nanortalik,GL,2022-04-03 15:39:25,60.1432,-45.2371,38.1,81,99,3.62
465,Freeport,US,2022-04-03 15:39:25,40.6576,-73.5832,47.95,76,100,4.61
466,Eau Claire,US,2022-04-03 15:39:26,44.8114,-91.4985,42.93,60,0,4.0
467,Maniitsoq,GL,2022-04-03 15:39:26,65.4167,-52.9,34.77,85,47,4.94
468,Bolgar,RU,2022-04-03 15:39:26,54.95,49.0667,38.59,92,91,15.84
469,Souillac,MU,2022-04-03 15:39:27,-20.5167,57.5167,79.18,78,75,12.66
470,Esmeraldas,BR,2022-04-03 15:39:27,-19.7625,-44.3139,80.71,57,40,7.23
471,Temir,KZ,2022-04-03 15:39:27,49.1414,57.13,44.64,71,59,12.1
472,Chernyshevskiy,RU,2022-04-03 15:39:28,63.0128,112.4714,9.5,97,98,4.83
473,Navrongo,GH,2022-04-03 15:39:28,10.8956,-1.0921,101.37,25,94,8.86
474,Necochea,AR,2022-04-03 15:39:29,-38.5473,-58.7368,65.37,62,75,18.01
475,Ryotsu,JP,2022-04-03 15:39:29,38.0833,138.4333,46.58,70,98,6.13
476,Kasongo-Lunda,CD,2022-04-03 15:39:29,-6.4667,16.8167,81.5,71,39,1.45
477,Pirenopolis,BR,2022-04-03 15:39:30,-15.8525,-48.9592,84.69,32,1,8.5
478,Porto Novo,BJ,2022-04-03 15:39:30,6.4965,2.6036,89.42,64,76,12.37
479,San Ramon,US,2022-04-03 15:38:01,37.7799,-121.978,61.39,75,0,3.44
480,Anadyr,RU,2022-04-03 15:39:31,64.75,177.4833,-1.7,71,51,20.13
481,Inverell,AU,2022-04-03 15:39:31,-29.7833,151.1167,62.67,99,100,3.0
482,Sabang,ID,2022-04-03 15:39:31,5.8933,95.3214,80.69,79,100,13.87
483,Lodwar,KE,2022-04-03 15:39:32,3.1191,35.5973,94.66,24,95,17.85
484,Los Llanos De Aridane,ES,2022-04-03 15:39:05,28.6585,-17.9182,64.15,86,75,23.02
485,Zhezkazgan,KZ,2022-04-03 15:39:32,47.8043,67.7144,56.46,38,100,7.85
486,Turayf,SA,2022-04-03 15:39:32,31.6725,38.6637,88.05,8,0,4.61
487,Sembe,CG,2022-04-03 15:39:33,1.6481,14.5806,81.88,66,94,5.93
488,Auki,SB,2022-04-03 15:39:33,-8.7676,160.7034,77.5,87,87,8.03
489,Leh,IN,2022-04-03 15:39:33,34.1667,77.5833,26.67,59,40,5.59
490,Lasa,IT,2022-04-03 15:39:34,46.6166,10.7002,44.69,82,99,1.01
491,Sesimbra,PT,2022-04-03 15:39:34,38.4445,-9.1015,66.31,34,100,14.56
492,Boshan,CN,2022-04-03 15:39:35,36.4833,117.8333,50.32,50,0,9.08
493,Acarau,BR,2022-04-03 15:39:35,-2.8856,-40.12,82.67,77,77,11.45
494,Moree,AU,2022-04-03 15:36:35,-29.4667,149.85,60.82,88,100,5.75
495,Flin Flon,CA,2022-04-03 15:35:41,54.7682,-101.865,22.84,74,100,6.91
496,Ulaanbaatar,MN,2022-04-03 15:39:36,47.9077,106.8832,26.73,31,0,4.47
497,Abaete,BR,2022-04-03 15:40:45,-19.16,-45.4458,84.47,44,24,5.06
498,Kano,NG,2022-04-03 15:40:45,12.0001,8.5167,105.69,16,0,3.44
499,Sola,VU,2022-04-03 15:40:46,-13.8833,167.55,74.07,100,100,0.0
500,Boyolangu,ID,2022-04-03 15:40:46,-8.1181,111.8935,76.12,89,98,1.1
501,Karaton,ID,2022-04-03 15:40:46,-6.3424,106.1045,74.21,90,100,4.21
502,Brae,GB,2022-04-03 15:39:44,60.3964,-1.353,42.22,95,100,20.4
503,Oudtshoorn,ZA,2022-04-03 15:40:47,-33.5907,22.2014,62.96,55,83,8.34
504,Unai,BR,2022-04-03 15:40:47,-16.3575,-46.9061,89.24,32,0,9.8
505,Half Moon Bay,US,2022-04-03 15:37:40,37.4636,-122.4286,62.62,80,20,4.61
506,Marsh Harbour,BS,2022-04-03 15:40:48,26.5412,-77.0636,77.34,74,47,13.56
507,Palkino,RU,2022-04-03 15:40:48,57.5409,28.0126,38.95,65,97,5.99
508,Evensk,RU,2022-04-03 15:40:48,61.95,159.2333,5.74,85,29,6.11
509,Mangrol,IN,2022-04-03 15:40:49,21.1167,70.1167,78.58,77,0,8.34
510,Dromolaxia,CY,2022-04-03 15:40:49,34.8761,33.586,73.06,65,81,2.3
511,Deputatskiy,RU,2022-04-03 15:37:38,69.3,139.9,-18.85,99,41,2.46
512,Erzin,TR,2022-04-03 15:40:50,36.9559,36.2,58.84,70,58,4.97
513,Isabela,PH,2022-04-03 15:40:50,6.7085,121.9711,77.05,87,79,2.37
514,Kurilsk,RU,2022-04-03 15:40:50,45.2333,147.8833,36.37,71,1,13.65
515,Makakilo City,US,2022-04-03 15:40:51,21.3469,-158.0858,72.68,67,0,18.41
516,Lokachi,UA,2022-04-03 15:40:51,50.737,24.6494,34.75,80,100,12.41
517,Sombrio,BR,2022-04-03 15:40:51,-29.1139,-49.6167,71.94,66,96,11.99
518,Phan Thiet,VN,2022-04-03 15:40:52,10.9333,108.1,79.05,69,98,10.16
519,Mersing,MY,2022-04-03 15:40:54,2.4312,103.8405,73.31,94,87,6.91
520,Nova Granada,BR,2022-04-03 15:40:54,-20.5339,-49.3142,86.25,50,12,6.98
521,Gawler,AU,2022-04-03 15:40:55,-34.6,138.7333,59.47,79,0,3.96
522,Rocky Mountain House,CA,2022-04-03 15:40:55,52.3668,-114.9188,30.31,80,41,5.75
523,Keningau,MY,2022-04-03 15:40:55,5.3378,116.1602,71.19,98,84,1.05
524,Murmashi,RU,2022-04-03 15:40:56,68.8154,32.8115,28.81,64,40,2.24
525,Gangarampur,IN,2022-04-03 15:40:56,25.4,88.5167,84.31,60,16,11.25
526,Kushima,JP,2022-04-03 15:40:56,31.4583,131.2333,49.55,68,77,5.35
527,Tirupati,IN,2022-04-03 15:40:57,13.65,79.4167,88.83,55,20,6.91
528,La Palma,US,2022-04-03 15:40:57,33.8464,-118.0467,61.83,82,100,5.75
529,Trebechovice Pod Orebem,CZ,2022-04-03 15:40:57,50.201,15.9922,37.24,55,100,7.0
530,Suzhou,CN,2022-04-03 15:40:58,31.3114,120.6181,45.9,68,0,5.93
531,Mpongwe,ZM,2022-04-03 15:40:58,-13.5091,28.155,68.4,90,38,1.88
532,Cairns,AU,2022-04-03 15:40:58,-16.9167,145.7667,76.06,96,100,0.0
533,Srandakan,ID,2022-04-03 15:40:59,-7.9386,110.2506,77.79,84,100,5.95
534,Margate,GB,2022-04-03 15:40:59,51.3813,1.3862,50.7,41,40,4.0
